post_id,label
fsn5au,0
fsnn0o,0
fsnoqf,0
fsnpaq,0
fsnq0w,0
fsnr1u,0
fso8x7,0
fsoab8,0
fsoabr,0
fsoalo,0
fsoar7,0
fsoarc,0
fsoax3,0
fsob6i,0
fsobhq,0
fsobop,0
fsobum,0
fsoc2k,0
fsochc,0
fsocil,0
fsociq,0
fsociz,0
fsock1,0
fsocps,0
fsocq5,0
fsod0k,0
fsodfv,0
fsodju,0
fsodl6,0
fsodvi,0
fsodwh,0
fsoe2m,0
fsoeb9,0
fsoef0,0
fsoel9,0
fsoex8,0
fsof9g,0
fsoffs,0
fsofhe,0
fsofhs,1
fsofmg,0
fsofnd,0
fsofvw,0
fsofwd,0
fsofxw,0
fsofzv,0
fsog3n,0
fsogen,0
fsoggd,0
fso9us,-1
