node_id,post_id,is_submitter,is_post,subreddit,label
0.0,fsofhs,1,1,relationship_advice,1
1.0,fsoex8,0,0,relationship_advice,0
2.0,fsock1,1,1,techsupport,0
3.0,fsogen,0,0,legaladvice,0
4.0,fsnq0w,1,1,sysadmin,0
5.0,fsociz,0,0,legaladvice,0
6.0,fsoggd,1,1,relationship_advice,0
7.0,fsnn0o,1,1,sysadmin,0
8.0,fsodfv,1,1,sysadmin,0
9.0,fsoggd,0,0,relationship_advice,0
10.0,fsn5au,0,0,sysadmin,0
11.0,fsoex8,1,1,relationship_advice,0
12.0,fsn5au,0,0,sysadmin,0
13.0,fsnoqf,0,0,sysadmin,0
14.0,fsofvw,1,1,techsupport,0
15.0,fsoax3,1,0,relationship_advice,0
16.0,fsocil,0,0,legaladvice,0
17.0,fsock1,0,0,techsupport,0
18.0,fsnr1u,1,1,sysadmin,0
19.0,fsociz,1,1,legaladvice,0
20.0,fsofhs,0,0,relationship_advice,1
21.0,fsoc2k,1,1,buildapc,0
22.0,fsofzv,1,1,relationship_advice,0
23.0,fsnpaq,0,0,sysadmin,0
24.0,fsn5au,0,0,sysadmin,0
25.0,fsofxw,0,0,relationship_advice,0
26.0,fsocil,0,0,legaladvice,0
27.0,fsofwd,1,1,legaladvice,0
28.0,fsocil,0,0,legaladvice,0
29.0,fsogen,1,1,legaladvice,0
30.0,fsofxw,0,0,relationship_advice,0
31.0,fsogen,1,1,legaladvice,0
32.0,fsn5au,0,0,sysadmin,0
33.0,fsoggd,0,0,relationship_advice,0
34.0,fsn5au,1,0,sysadmin,0
35.0,fsofnd,0,0,legaladvice,0
36.0,fsnr1u,0,0,sysadmin,0
37.0,fsociq,0,0,buildapc,0
38.0,fsofwd,0,0,legaladvice,0
39.0,fsofhs,1,0,relationship_advice,1
40.0,fsoef0,1,0,legaladvice,0
41.0,fsn5au,0,0,sysadmin,0
42.0,fsoel9,1,1,techsupport,0
43.0,fsoar7,1,0,sysadmin,0
44.0,fsnoqf,0,0,sysadmin,0
45.0,fsofmg,0,0,buildapc,0
46.0,fsofmg,1,1,buildapc,0
47.0,fsoar7,0,0,sysadmin,0
48.0,fsoax3,1,1,relationship_advice,0
49.0,fsobop,1,1,sysadmin,0
50.0,fsof9g,0,0,legaladvice,0
51.0,fsnr1u,0,0,sysadmin,0
52.0,fsod0k,1,0,relationship_advice,0
53.0,fsoax3,0,0,relationship_advice,0
54.0,fsodvi,1,1,buildapc,0
55.0,fsnoqf,1,1,sysadmin,0
56.0,fsodvi,1,0,buildapc,0
57.0,fsofvw,0,0,techsupport,0
58.0,fsn5au,0,0,sysadmin,0
59.0,fsofnd,1,1,legaladvice,0
60.0,fsoax3,0,0,relationship_advice,0
61.0,fsoeb9,1,1,legaladvice,0
62.0,fsn5au,1,1,sysadmin,0
63.0,fsoab8,1,1,techsupport,0
64.0,fsog3n,1,1,relationship_advice,0
65.0,fsof9g,1,1,legaladvice,0
66.0,fsobhq,1,1,buildapc,0
67.0,fso8x7,0,0,buildapc,0
68.0,fsochc,0,0,relationship_advice,0
69.0,fsnoqf,0,0,sysadmin,0
70.0,fsob6i,1,1,sysadmin,0
71.0,fso9us,1,1,buildapc,-1
72.0,fsog3n,0,0,relationship_advice,0
73.0,fsnpaq,0,0,sysadmin,0
74.0,fso8x7,0,0,buildapc,0
75.0,fsnpaq,1,1,sysadmin,0
76.0,fsofhe,1,1,buildapc,0
77.0,fsob6i,0,0,sysadmin,0
78.0,fsobop,0,0,sysadmin,0
79.0,fsofwd,0,0,legaladvice,0
80.0,fsnr1u,1,0,sysadmin,0
81.0,fsofmg,0,0,buildapc,0
82.0,fsoar7,0,0,sysadmin,0
83.0,fsocil,0,0,legaladvice,0
84.0,fsoc2k,1,1,buildapc,0
85.0,fsoeb9,0,0,legaladvice,0
86.0,fsociq,1,0,buildapc,0
87.0,fsoeb9,0,0,legaladvice,0
88.0,fsogen,0,0,legaladvice,0
89.0,fsofwd,0,0,legaladvice,0
90.0,fsoffs,0,0,techsupport,0
91.0,fsoel9,1,1,techsupport,0
92.0,fsoex8,1,0,relationship_advice,0
93.0,fsochc,0,0,relationship_advice,0
94.0,fsobum,0,0,buildapc,0
95.0,fsocil,0,0,legaladvice,0
96.0,fsobop,1,1,sysadmin,0
97.0,fsocil,1,1,legaladvice,0
98.0,fsoabr,1,1,techsupport,0
99.0,fsofxw,0,0,relationship_advice,0
100.0,fsodl6,1,1,relationship_advice,0
101.0,fsofmg,0,0,buildapc,0
102.0,fsocq5,1,1,techsupport,0
103.0,fsnoqf,0,0,sysadmin,0
104.0,fsn5au,0,0,sysadmin,0
105.0,fsodju,1,1,techsupport,0
106.0,fsochc,1,1,relationship_advice,0
107.0,fsoggd,0,0,relationship_advice,0
108.0,fsnq0w,1,1,sysadmin,0
109.0,fsoggd,0,0,relationship_advice,0
110.0,fsofmg,0,0,buildapc,0
111.0,fsofhs,0,0,relationship_advice,1
112.0,fsnn0o,0,0,sysadmin,0
113.0,fsocq5,1,1,techsupport,0
114.0,fsofxw,1,1,relationship_advice,0
115.0,fsociz,1,1,legaladvice,0
116.0,fsoalo,1,0,buildapc,0
117.0,fsnoqf,0,0,sysadmin,0
118.0,fsoggd,0,0,relationship_advice,0
119.0,fsoeb9,1,1,legaladvice,0
120.0,fsofmg,1,0,buildapc,0
121.0,fso8x7,1,0,buildapc,0
122.0,fsociq,0,0,buildapc,0
123.0,fsoex8,0,0,relationship_advice,0
124.0,fsoalo,1,1,buildapc,0
125.0,fsoffs,1,1,techsupport,0
126.0,fsofxw,1,0,relationship_advice,0
127.0,fsoax3,0,0,relationship_advice,0
128.0,fsoe2m,1,1,legaladvice,0
129.0,fsocil,1,0,legaladvice,0
130.0,fsodl6,1,1,relationship_advice,0
131.0,fsodwh,1,1,legaladvice,0
132.0,fsocil,0,0,legaladvice,0
133.0,fsnpaq,0,0,sysadmin,0
134.0,fso8x7,1,1,buildapc,0
135.0,fsn5au,0,0,sysadmin,0
136.0,fsob6i,1,1,sysadmin,0
137.0,fsofxw,0,0,relationship_advice,0
138.0,fsoarc,1,1,techsupport,0
139.0,fsodju,1,1,techsupport,0
140.0,fsodwh,1,1,legaladvice,0
141.0,fsodfv,1,1,sysadmin,0
142.0,fsnn0o,0,0,sysadmin,0
143.0,fsnpaq,1,1,sysadmin,0
144.0,fsobum,1,0,buildapc,0
145.0,fsocps,1,1,techsupport,0
146.0,fsn5au,0,0,sysadmin,0
147.0,fsn5au,0,0,sysadmin,0
148.0,fsocil,0,0,legaladvice,0
149.0,fsoef0,0,0,legaladvice,0
150.0,fsoalo,0,0,buildapc,0
151.0,fsocil,0,0,legaladvice,0
152.0,fsofvw,1,0,techsupport,0
153.0,fsofmg,0,0,buildapc,0
154.0,fsofzv,1,1,relationship_advice,0
155.0,fsnoqf,0,0,sysadmin,0
156.0,fsoggd,0,0,relationship_advice,0
157.0,fsocil,0,0,legaladvice,0
158.0,fsoffs,0,0,techsupport,0
159.0,fsock1,1,0,techsupport,0
160.0,fsoabr,1,1,techsupport,0
161.0,fsod0k,1,1,relationship_advice,0
162.0,fsoe2m,1,1,legaladvice,0
163.0,fsnoqf,1,0,sysadmin,0
164.0,fsofhs,0,0,relationship_advice,1
165.0,fsocil,0,0,legaladvice,0
166.0,fsocil,0,0,legaladvice,0
167.0,fsofhe,1,1,buildapc,0
168.0,fsofnd,1,1,legaladvice,0
169.0,fsnn0o,1,0,sysadmin,0
170.0,fso8x7,0,0,buildapc,0
171.0,fsn5au,0,0,sysadmin,0
172.0,fsod0k,0,0,relationship_advice,0
173.0,fsoggd,1,1,relationship_advice,0
174.0,fsog3n,1,1,relationship_advice,0
175.0,fsnpaq,0,0,sysadmin,0
176.0,fsofwd,1,1,legaladvice,0
177.0,fsobum,1,1,buildapc,0
178.0,fsoggd,0,0,relationship_advice,0
179.0,fsoax3,0,0,relationship_advice,0
180.0,fsocil,0,0,legaladvice,0
181.0,fsoffs,1,0,techsupport,0
182.0,fsn5au,0,0,sysadmin,0
183.0,fsofmg,0,0,buildapc,0
184.0,fsof9g,1,0,legaladvice,0
185.0,fsoggd,0,0,relationship_advice,0
186.0,fsocil,0,0,legaladvice,0
187.0,fsoggd,0,0,relationship_advice,0
188.0,fsnoqf,0,0,sysadmin,0
189.0,fsoar7,1,1,sysadmin,0
190.0,fsoarc,1,1,techsupport,0
191.0,fsocil,0,0,legaladvice,0
192.0,fsocps,1,1,techsupport,0
193.0,fsoab8,1,1,techsupport,0
194.0,fsochc,1,1,relationship_advice,0
195.0,fsobhq,1,1,buildapc,0
196.0,fsnr1u,0,0,sysadmin,0
197.0,fsociq,1,1,buildapc,0
198.0,fsn5au,0,0,sysadmin,0
199.0,fsoef0,1,1,legaladvice,0
